address,tokens
1,https://opensea.io/assets/matic/0x2953399124f0cbb46d2cbacd8a89cf0599974963/115316299701905353003786510670093811554117808942774454575491275327153876500481
2,https://opensea.io/assets/matic/0x2953399124f0cbb46d2cbacd8a89cf0599974963/115316299701905353003786510670093811554117808942774454575491275328253388128257
3,https://opensea.io/assets/matic/0x2953399124f0cbb46d2cbacd8a89cf0599974963/115316299701905353003786510670093811554117808942774454575491275329352899756033
4,https://opensea.io/assets/matic/0x2953399124f0cbb46d2cbacd8a89cf0599974963/115316299701905353003786510670093811554117808942774454575491275330452411383809
5,https://opensea.io/assets/matic/0x2953399124f0cbb46d2cbacd8a89cf0599974963/115316299701905353003786510670093811554117808942774454575491275331551923011585
6,https://opensea.io/assets/matic/0x2953399124f0cbb46d2cbacd8a89cf0599974963/115316299701905353003786510670093811554117808942774454575491275332651434639361
7,https://opensea.io/assets/matic/0x2953399124f0cbb46d2cbacd8a89cf0599974963/115316299701905353003786510670093811554117808942774454575491275333750946267137
8,https://opensea.io/assets/matic/0x2953399124f0cbb46d2cbacd8a89cf0599974963/115316299701905353003786510670093811554117808942774454575491275334850457894913
9,https://opensea.io/assets/matic/0x2953399124f0cbb46d2cbacd8a89cf0599974963/115316299701905353003786510670093811554117808942774454575491275337049481150465
10,https://opensea.io/assets/matic/0x2953399124f0cbb46d2cbacd8a89cf0599974963/115316299701905353003786510670093811554117808942774454575491275338148992778241
11,https://opensea.io/assets/matic/0x2953399124f0cbb46d2cbacd8a89cf0599974963/115316299701905353003786510670093811554117808942774454575491275339248504406017
12,https://opensea.io/assets/matic/0x2953399124f0cbb46d2cbacd8a89cf0599974963/115316299701905353003786510670093811554117808942774454575491275340348016033793
13,https://opensea.io/assets/matic/0x2953399124f0cbb46d2cbacd8a89cf0599974963/115316299701905353003786510670093811554117808942774454575491275341447527661569
14,https://opensea.io/assets/matic/0x2953399124f0cbb46d2cbacd8a89cf0599974963/115316299701905353003786510670093811554117808942774454575491275342547039289345
15,https://opensea.io/assets/matic/0x2953399124f0cbb46d2cbacd8a89cf0599974963/115316299701905353003786510670093811554117808942774454575491275343646550917121
16,https://opensea.io/assets/matic/0x2953399124f0cbb46d2cbacd8a89cf0599974963/115316299701905353003786510670093811554117808942774454575491275344746062544897
17,https://opensea.io/assets/matic/0x2953399124f0cbb46d2cbacd8a89cf0599974963/115316299701905353003786510670093811554117808942774454575491275345845574172673
18,https://opensea.io/assets/matic/0x2953399124f0cbb46d2cbacd8a89cf0599974963/115316299701905353003786510670093811554117808942774454575491275346945085800449
19,https://opensea.io/assets/matic/0x2953399124f0cbb46d2cbacd8a89cf0599974963/115316299701905353003786510670093811554117808942774454575491275348044597428225
20,https://opensea.io/assets/matic/0x2953399124f0cbb46d2cbacd8a89cf0599974963/115316299701905353003786510670093811554117808942774454575491275349144109056001
21,https://opensea.io/assets/matic/0x2953399124f0cbb46d2cbacd8a89cf0599974963/115316299701905353003786510670093811554117808942774454575491275350243620683777
22,https://opensea.io/assets/matic/0x2953399124f0cbb46d2cbacd8a89cf0599974963/115316299701905353003786510670093811554117808942774454575491275351343132311553
23,https://opensea.io/assets/matic/0x2953399124f0cbb46d2cbacd8a89cf0599974963/115316299701905353003786510670093811554117808942774454575491275352442643939329
24,https://opensea.io/assets/matic/0x2953399124f0cbb46d2cbacd8a89cf0599974963/115316299701905353003786510670093811554117808942774454575491275353542155567105
25,https://opensea.io/assets/matic/0x2953399124f0cbb46d2cbacd8a89cf0599974963/115316299701905353003786510670093811554117808942774454575491275354641667194881
26,https://opensea.io/assets/matic/0x2953399124f0cbb46d2cbacd8a89cf0599974963/115316299701905353003786510670093811554117808942774454575491275355741178822657
27,https://opensea.io/assets/matic/0x2953399124f0cbb46d2cbacd8a89cf0599974963/115316299701905353003786510670093811554117808942774454575491275356840690450433
28,https://opensea.io/assets/matic/0x2953399124f0cbb46d2cbacd8a89cf0599974963/115316299701905353003786510670093811554117808942774454575491275357940202078209
29,https://opensea.io/assets/matic/0x2953399124f0cbb46d2cbacd8a89cf0599974963/115316299701905353003786510670093811554117808942774454575491275359039713705985
30,https://opensea.io/assets/matic/0x2953399124f0cbb46d2cbacd8a89cf0599974963/115316299701905353003786510670093811554117808942774454575491275360139225333761
31,https://opensea.io/assets/matic/0x2953399124f0cbb46d2cbacd8a89cf0599974963/115316299701905353003786510670093811554117808942774454575491275362338248589313
32,https://opensea.io/assets/matic/0x2953399124f0cbb46d2cbacd8a89cf0599974963/115316299701905353003786510670093811554117808942774454575491275363437760217089
33,https://opensea.io/assets/matic/0x2953399124f0cbb46d2cbacd8a89cf0599974963/115316299701905353003786510670093811554117808942774454575491275364537271844865
34,https://opensea.io/assets/matic/0x2953399124f0cbb46d2cbacd8a89cf0599974963/115316299701905353003786510670093811554117808942774454575491275365636783472641
35,https://opensea.io/assets/matic/0x2953399124f0cbb46d2cbacd8a89cf0599974963/115316299701905353003786510670093811554117808942774454575491275366736295100417
36,https://opensea.io/assets/matic/0x2953399124f0cbb46d2cbacd8a89cf0599974963/115316299701905353003786510670093811554117808942774454575491275367835806728193
37,https://opensea.io/assets/matic/0x2953399124f0cbb46d2cbacd8a89cf0599974963/115316299701905353003786510670093811554117808942774454575491275368935318355969
38,https://opensea.io/assets/matic/0x2953399124f0cbb46d2cbacd8a89cf0599974963/115316299701905353003786510670093811554117808942774454575491275370034829983745
39,https://opensea.io/assets/matic/0x2953399124f0cbb46d2cbacd8a89cf0599974963/115316299701905353003786510670093811554117808942774454575491275371134341611521
40,https://opensea.io/assets/matic/0x2953399124f0cbb46d2cbacd8a89cf0599974963/115316299701905353003786510670093811554117808942774454575491275372233853239297
41,https://opensea.io/assets/matic/0x2953399124f0cbb46d2cbacd8a89cf0599974963/115316299701905353003786510670093811554117808942774454575491275373333364867073
42,https://opensea.io/assets/matic/0x2953399124f0cbb46d2cbacd8a89cf0599974963/115316299701905353003786510670093811554117808942774454575491275374432876494849
43,https://opensea.io/assets/matic/0x2953399124f0cbb46d2cbacd8a89cf0599974963/115316299701905353003786510670093811554117808942774454575491275375532388122625
44,https://opensea.io/assets/matic/0x2953399124f0cbb46d2cbacd8a89cf0599974963/115316299701905353003786510670093811554117808942774454575491275376631899750401
45,https://opensea.io/assets/matic/0x2953399124f0cbb46d2cbacd8a89cf0599974963/115316299701905353003786510670093811554117808942774454575491275377731411378177
46,https://opensea.io/assets/matic/0x2953399124f0cbb46d2cbacd8a89cf0599974963/115316299701905353003786510670093811554117808942774454575491275378830923005953
47,https://opensea.io/assets/matic/0x2953399124f0cbb46d2cbacd8a89cf0599974963/115316299701905353003786510670093811554117808942774454575491275379930434633729
48,https://opensea.io/assets/matic/0x2953399124f0cbb46d2cbacd8a89cf0599974963/115316299701905353003786510670093811554117808942774454575491275381029946261505
49,https://opensea.io/assets/matic/0x2953399124f0cbb46d2cbacd8a89cf0599974963/115316299701905353003786510670093811554117808942774454575491275382129457889281
50,https://opensea.io/assets/matic/0x2953399124f0cbb46d2cbacd8a89cf0599974963/115316299701905353003786510670093811554117808942774454575491275383228969517057
